{"coefficients": [-0.5498929347774082, 0.7993955268332522, 0.7453585106404943], "intercept": 0.6758364977632993}